6c61626173	6c0061002d00 2d006c006100 620061002d00 2d0062006100 2d0061007300
6c696574757661	6c0069002d00 690065002d00 2d0069006500 740075002d00 2d0074007500 760061002d00 2d0076006100
67696e7461726173	670069002d00 2d0067006900 2d0069006e00 740061002d00 2d0074006100 720061002d00 2d0072006100 2d0061007300
7361756ceb	730061002d00 61007500 6c00eb002d00 2d006c00eb00
61e869fb	6100 6900
6e616d6173	6e0061002d00 2d006e006100 6d0061002d00 2d006d006100 2d0061007300
76616e64756f	760061002d00 2d0076006100 2d0061006e00 640075002d00 75006f002d00 2d0075006f00
6deb6e756c6973	6d00eb002d00 2d006d00eb00 6e0075002d00 2d006e007500 6c0069002d00 2d006c006900 2d0069007300
fe6d6f677573	6d006f002d00 2d006d006f00 670075002d00 2d0067007500 2d0075007300
7661696b6173	760061002d00 610069002d00 2d0061006900 6b0061002d00 2d006b006100 2d0061007300
6d6f6b796b6c61	6d006f002d00 2d006d006f00 2d006f006b00 6b00 6c0061002d00 2d006c006100
6b6e796761	6b00 6e00 670061002d00 2d0067006100
64726175676173	6400 720061002d00 61007500 670061002d00 2d0067006100 2d0061007300
6d65696ceb	6d0065002d00 650069002d00 2d0065006900 6c00eb002d00 2d006c00eb00
6c61697376eb	6c0061002d00 610069002d00 2d0061006900 2d0069007300 7600eb002d00 2d007600eb00
74eb76796eeb	7400eb002d00 2d007400eb00 2d00eb007600 6e00eb002d00 2d006e00eb00
6b616c6261	6b0061002d00 2d006b006100 2d0061006c00 620061002d00 2d0062006100
62616c736173	620061002d00 2d0062006100 2d0061006c00 730061002d00 2d0073006100 2d0061007300
74656b73746173	740065002d00 2d0074006500 2d0065006b00 7300 740061002d00 2d0074006100 2d0061007300
7669656e6173	760069002d00 690065002d00 2d0069006500 6e0061002d00 2d006e006100 2d0061007300
6475	640075002d00 2d0064007500
74727973	7400 7200 7300
6b6574757269	6b0065002d00 2d006b006500 740075002d00 2d0074007500 720069002d00 2d0072006900
70656e6b69	700065002d00 2d0070006500 2d0065006e00 6b0069002d00 2d006b006900
f065f069	6500 6900
73657074796e69	730065002d00 2d0073006500 2d0065007000 7400 6e0069002d00 2d006e006900
61f074756f6e69	6100 740075002d00 75006f002d00 2d0075006f00 6e0069002d00 2d006e006900
646576796e69	640065002d00 2d0064006500 2d0065007600 6e0069002d00 2d006e006900
6465f0696d74	640065002d00 2d0064006500 6900 2d0069006d00 7400
f0696d746173	6900 2d0069006d00 740061002d00 2d0074006100 2d0061007300
7279746173	7200 740061002d00 2d0074006100 2d0061007300
76616b61726173	760061002d00 2d0076006100 6b0061002d00 2d006b006100 720061002d00 2d0072006100 2d0061007300
6469656e61	640069002d00 690065002d00 2d0069006500 6e0061002d00 2d006e006100
6e616b746973	6e0061002d00 2d006e006100 2d0061006b00 740069002d00 2d0074006900 2d0069007300
6d616d61	6d0061002d00 2d006d006100 6d0061002d00 2d006d006100
74eb746973	7400eb002d00 2d007400eb00 740069002d00 2d0074006900 2d0069007300
736573756f	730065002d00 2d0073006500 730075002d00 75006f002d00 2d0075006f00
62726f6c6973	6200 72006f002d00 2d0072006f00 6c0069002d00 2d006c006900 2d0069007300
73656e656c6973	730065002d00 2d0073006500 6e0065002d00 2d006e006500 6c0069002d00 2d006c006900 2d0069007300
e0fe756f6c6173	75006f002d00 2d0075006f00 6c0061002d00 2d006c006100 2d0061007300
fee0736973	730069002d00 2d0073006900 2d0069007300
f0756f	75006f002d00 2d0075006f00
6f62756f6c7973	6f00 620075002d00 75006f002d00 2d0075006f00 2d006f006c00 7300
616775726b6173	6100 670075002d00 2d0067007500 2d0075007200 6b0061002d00 2d006b006100 2d0061007300
706f6d69646f726173	70006f002d00 2d0070006f00 6d0069002d00 2d006d006900 64006f002d00 2d0064006f00 720061002d00 2d0072006100 2d0061007300
62756c76eb	620075002d00 2d0062007500 2d0075006c00 7600eb002d00 2d007600eb00
74656c65666f6e6173	740065002d00 2d0074006500 6c0065002d00 2d006c006500 66006f002d00 2d0066006f00 6e0061002d00 2d006e006100 2d0061007300
6175746f6d6f62696c6973	61007500 74006f002d00 2d0074006f00 6d006f002d00 2d006d006f00 620069002d00 2d0062006900 6c0069002d00 2d006c006900 2d0069007300
